<?xml version="1.0" encoding="UTF-8"?>

<channel name="xfce4-panel" version="1.0">
  <property name="panels" type="array">
    <value type="int" value="0"/>
    <property name="panel-0" type="empty">
      <property name="position" type="string" value="p=8;x=27;y=386"/>
      <property name="length" type="uint" value="100"/>
      <property name="position-locked" type="bool" value="true"/>
      <property name="plugin-ids" type="array">
        <value type="int" value="8"/>
        <value type="int" value="4"/>
        <value type="int" value="5"/>
        <value type="int" value="7"/>
        <value type="int" value="6"/>
        <value type="int" value="3"/>
        <value type="int" value="9"/>
        <value type="int" value="10"/>
        <value type="int" value="11"/>
        <value type="int" value="2"/>
      </property>
      <property name="role" type="string" value="xfce4-panel-12965750720"/>
      <property name="length-adjust" type="bool" value="false"/>
      <property name="background-style" type="uint" value="0"/>
      <property name="size" type="uint" value="46"/>
      <property name="mode" type="uint" value="0"/>
      <property name="autohide-behavior" type="uint" value="0"/>
      <property name="disable-struts" type="bool" value="false"/>
      <property name="icon-size" type="uint" value="16"/>
      <property name="background-rgba" type="array">
        <value type="double" value="0.094118"/>
        <value type="double" value="0.121569"/>
        <value type="double" value="0.129412"/>
        <value type="double" value="1.000000"/>
      </property>
    </property>
    <property name="dark-mode" type="bool" value="false"/>
  </property>
  <property name="plugins" type="empty">
    <property name="plugin-4" type="string" value="pager">
      <property name="rows" type="uint" value="1"/>
      <property name="miniature-view" type="bool" value="false"/>
      <property name="workspace-scrolling" type="bool" value="false"/>
    </property>
    <property name="plugin-6" type="string" value="systray">
      <property name="names-visible" type="array">
        <value type="string" value="pnmixer"/>
        <value type="string" value="manjaro-settings-manager-daemon"/>
        <value type="string" value="networkmanager applet"/>
        <value type="string" value="orage"/>
        <value type="string" value="pamac-tray"/>
        <value type="string" value="blueman-applet"/>
        <value type="string" value="clipman"/>
        <value type="string" value="xfce4-power-manager"/>
        <value type="string" value="xnoise"/>
      </property>
      <property name="show-frame" type="bool" value="false"/>
      <property name="known-legacy-items" type="array">
        <value type="string" value="wi-fi network connection “shivkumar5g” active: shivkumar5g (65%)"/>
        <value type="string" value="wi-fi network connection “shivkumar5g” active: shivkumar5g (66%)"/>
        <value type="string" value="orage"/>
        <value type="string" value="anydesk"/>
        <value type="string" value="osmo 0.4.4"/>
        <value type="string" value="discord"/>
        <value type="string" value="xfce4-power-manager"/>
        <value type="string" value="vmware-tray"/>
        <value type="string" value="thunar"/>
        <value type="string" value="clipman"/>
        <value type="string" value="networkmanager applet"/>
      </property>
      <property name="known-items" type="array">
        <value type="string" value="blueman"/>
        <value type="string" value="kazam"/>
        <value type="string" value="obs"/>
        <value type="string" value="qBittorrent"/>
        <value type="string" value="TelegramDesktop"/>
        <value type="string" value="vlc"/>
        <value type="string" value="zoom"/>
        <value type="string" value="discord1"/>
      </property>
      <property name="icon-size" type="int" value="0"/>
      <property name="square-icons" type="bool" value="true"/>
      <property name="single-row" type="bool" value="true"/>
      <property name="hidden-items" type="array">
      </property>
      <property name="hidden-legacy-items" type="array">
      </property>
      <property name="menu-is-primary" type="bool" value="false"/>
      <property name="symbolic-icons" type="bool" value="true"/>
      <property name="hide-new-items" type="bool" value="false"/>
    </property>
    <property name="plugin-7" type="string" value="separator">
      <property name="expand" type="bool" value="true"/>
      <property name="style" type="uint" value="0"/>
    </property>
    <property name="plugin-9" type="string" value="pulseaudio">
      <property name="enable-keyboard-shortcuts" type="bool" value="true"/>
      <property name="mpris-players" type="string" value="chromium.instance100814;chromium.instance10292;chromium.instance105683;chromium.instance112147;chromium.instance1172;chromium.instance11759;chromium.instance1179;chromium.instance1186;chromium.instance1194;chromium.instance119637;chromium.instance119732;chromium.instance120328;chromium.instance1206;chromium.instance1215;chromium.instance1222;chromium.instance1245;chromium.instance1247221;chromium.instance1252;chromium.instance1258;chromium.instance127901;chromium.instance128092;chromium.instance1300322;chromium.instance131839;chromium.instance132008;chromium.instance134946;chromium.instance1353;chromium.instance1358321;chromium.instance138302;chromium.instance141994;chromium.instance144175;chromium.instance144477;chromium.instance1471;chromium.instance147700;chromium.instance1490298;chromium.instance153175;chromium.instance1532710;chromium.instance1539;chromium.instance1564;chromium.instance1566;chromium.instance1575226;chromium.instance1576474;chromium.instance159862;chromium.instance1611;chromium.instance163276;chromium.instance1653;chromium.instance1670190;chromium.instance168839;chromium.instance1721701;chromium.instance173658;chromium.instance17443;chromium.instance1757136;chromium.instance1779;chromium.instance1829;chromium.instance1892543;chromium.instance195411;chromium.instance1964891;chromium.instance1978719;chromium.instance19845;chromium.instance1987;chromium.instance1992305;chromium.instance1996606;chromium.instance2013274;chromium.instance20270;chromium.instance203447;chromium.instance2063576;chromium.instance21053;chromium.instance2113345;chromium.instance212425;chromium.instance2144863;chromium.instance2167958;chromium.instance219985;chromium.instance2260113;chromium.instance227605;chromium.instance2283;chromium.instance233555;chromium.instance2345;chromium.instance236292;chromium.instance236512;chromium.instance240589;chromium.instance24745;chromium.instance2576975;chromium.instance258044;chromium.instance25869;chromium.instance260417;chromium.instance26218;chromium.instance263893;chromium.instance2692953;chromium.instance2708;chromium.instance2730748;chromium.instance275005;chromium.instance276609;chromium.instance2772;chromium.instance2830829;chromium.instance2843854;chromium.instance284852;chromium.instance289177;chromium.instance2903;chromium.instance29368;chromium.instance2982197;chromium.instance2984749;chromium.instance3081784;chromium.instance3151591;chromium.instance319676;chromium.instance322938;chromium.instance32383;chromium.instance3290569;chromium.instance3304;chromium.instance3312488;chromium.instance33412;chromium.instance335136;chromium.instance3357;chromium.instance337879;chromium.instance345718;chromium.instance3472374;chromium.instance3505292;chromium.instance3569947;chromium.instance367121;chromium.instance371627;chromium.instance373912;chromium.instance376970;chromium.instance380051;chromium.instance3832529;chromium.instance38393;chromium.instance38401;chromium.instance3855;chromium.instance3855649;chromium.instance38624;chromium.instance387459;chromium.instance400632;chromium.instance401148;chromium.instance4077517;chromium.instance409948;chromium.instance41517;chromium.instance4313;chromium.instance434278;chromium.instance44118;chromium.instance44799;chromium.instance448163;chromium.instance459892;chromium.instance460227;chromium.instance4624;chromium.instance46506;chromium.instance470338;chromium.instance472928;chromium.instance48103;chromium.instance51198;chromium.instance521248;chromium.instance5252;chromium.instance527263;chromium.instance52782;chromium.instance52816;chromium.instance539067;chromium.instance53952;chromium.instance53981;chromium.instance540987;chromium.instance544833;chromium.instance55461;chromium.instance554997;chromium.instance558095;chromium.instance559736;chromium.instance60567;chromium.instance6066;chromium.instance611150;chromium.instance62180;chromium.instance632155;chromium.instance650126;chromium.instance65306;chromium.instance65728;chromium.instance657729;chromium.instance65813;chromium.instance66362;chromium.instance67614;chromium.instance67828;chromium.instance68474;chromium.instance68645;chromium.instance69712;chromium.instance7147;chromium.instance732131;chromium.instance73956;chromium.instance76064;chromium.instance78073;chromium.instance80770;chromium.instance82071;chromium.instance821809;chromium.instance853440;chromium.instance88419;chromium.instance895707;chromium.instance89572;chromium.instance92416;chromium.instance95127;chromium.instance95932;chromium.instance95982;chromium.instance9605;chromium.instance966591;spotify;vlc"/>
    </property>
    <property name="plugin-8" type="string" value="whiskermenu"/>
    <property name="plugin-10" type="string" value="power-manager-plugin"/>
    <property name="plugin-11" type="string" value="xkb">
      <property name="display-type" type="uint" value="2"/>
      <property name="display-name" type="uint" value="1"/>
      <property name="display-tooltip-icon" type="bool" value="false"/>
    </property>
    <property name="clipman" type="empty">
      <property name="tweaks" type="empty">
        <property name="never-confirm-history-clear" type="bool" value="true"/>
      </property>
    </property>
    <property name="plugin-2" type="string" value="actions">
      <property name="appearance" type="uint" value="0"/>
      <property name="items" type="array">
        <value type="string" value="-lock-screen"/>
        <value type="string" value="-switch-user"/>
        <value type="string" value="-separator"/>
        <value type="string" value="-suspend"/>
        <value type="string" value="-hibernate"/>
        <value type="string" value="-hybrid-sleep"/>
        <value type="string" value="-separator"/>
        <value type="string" value="-shutdown"/>
        <value type="string" value="-restart"/>
        <value type="string" value="-separator"/>
        <value type="string" value="-logout"/>
        <value type="string" value="-logout-dialog"/>
      </property>
    </property>
    <property name="plugin-3" type="string" value="separator"/>
    <property name="plugin-5" type="string" value="tasklist">
      <property name="sort-order" type="uint" value="0"/>
      <property name="show-labels" type="bool" value="false"/>
      <property name="show-handle" type="bool" value="true"/>
    </property>
  </property>
  <property name="configver" type="int" value="2"/>
</channel>
